a_points,b_points,a_offense_rush_yards,b_offense_rush_yards,a_offense_pass_yards,b_offense_pass_yards,a_incomplete_pass,b_incomplete_pass,a_penalty_yards,b_penalty_yards,b_home
0.15305095705410052,-0.184580410187416,0.0024350245695418486,0.00045222804447001935,0.0029246845161288357,0.0001446110454009152,0.012043737520432524,0.011073445315081825,-0.006164325457185041,0.00691324340099573,-0.3995298551005885
